{
  "train_losses": [
    0.11332963722764029,
    0.031214369560710553,
    0.02589363429502264,
    0.02346107230640417,
    0.02262959938484282,
    0.02221179774119549,
    0.021228286347977545,
    0.021385343238453886,
    0.021528242243811908,
    0.021330835543910832,
    0.02088044831010294,
    0.020427705722681967,
    0.020310557802402884,
    0.020494023444368372,
    0.020205106604321343,
    0.019836458709034627,
    0.01974101370204538,
    0.019468402792749924,
    0.019540708691895524,
    0.018468721643629327,
    0.018717608439935206,
    0.018306825416601117,
    0.018552106215073437,
    0.018362044650441757,
    0.0186671503936192,
    0.018474121419531867,
    0.018117478027332323,
    0.018103764613096644,
    0.0178118218050276,
    0.017668608317582126,
    0.017671449414452388,
    0.01771687612774305,
    0.017612424285651927,
    0.01774879429151443,
    0.01771419908968052,
    0.01764236128633564,
    0.01749380705254575,
    0.01731088902865643,
    0.017176229794576087,
    0.017199450225889135,
    0.017188275925469128,
    0.01722268266170879,
    0.01704219798949702,
    0.016958294713821414,
    0.01709869487148752,
    0.01678235703821799
  ],
  "val_losses": [
    0.026090547302219384,
    0.007400938540438816,
    0.014472753367799632,
    0.005848884417676378,
    0.005286966000758074,
    0.0049997099849861115,
    0.003142283471755548,
    0.012902578025554808,
    0.0065417482219198115,
    0.004201904411624687,
    0.006346107573674517,
    0.003615095624584716,
    0.0023416619993433326,
    0.009091800452386282,
    0.004237111738983349,
    0.005893032495540412,
    0.003718247659304575,
    0.002859236174809788,
    0.004456851838487917,
    0.0021477191380709637,
    0.0021888867375803337,
    0.0018924313013183578,
    0.003022124685053921,
    0.004345366879043957,
    0.00546120125119318,
    0.004888752249237065,
    0.00458412975769703,
    0.0029881930376166434,
    0.002369112899105832,
    0.003592581760613361,
    0.0011882896025251289,
    0.003073724530526976,
    0.0030412883933153764,
    0.0031932124922001122,
    0.0018781684386178187,
    0.002075222096272069,
    0.0026691566015921743,
    0.00240775875722224,
    0.0016181619363116535,
    0.0030409019686204386,
    0.0016125987352462116,
    0.001546315124795936,
    0.0038871039588830097,
    0.0020447184224136983,
    0.001422544006036259,
    0.0020309059801374785
  ],
  "val_metrics": [
    {
      "MSE": 106952.96038137855,
      "RMSE": 327.0366346166413,
      "MAE": 266.46990317814095,
      "MAPE": 3.9005424102389705,
      "R2": 0.9738602337419854,
      "nRMSE": 4.347000726698275
    },
    {
      "MSE": 30345.269029968164,
      "RMSE": 174.1989352147945,
      "MAE": 130.98053152108207,
      "MAPE": 1.9972444584892148,
      "R2": 0.9925834849577662,
      "nRMSE": 2.3154681091200446
    },
    {
      "MSE": 59333.57109514675,
      "RMSE": 243.5848334670013,
      "MAE": 199.88810441300754,
      "MAPE": 3.1768712712690146,
      "R2": 0.9854986185127563,
      "nRMSE": 3.237751786844777
    },
    {
      "MSE": 23980.196766059573,
      "RMSE": 154.8554059955918,
      "MAE": 124.39191311512448,
      "MAPE": 1.711094970288198,
      "R2": 0.9941391361580756,
      "nRMSE": 2.05835215735106
    },
    {
      "MSE": 21676.500582524994,
      "RMSE": 147.22941480059274,
      "MAE": 113.74045040347116,
      "MAPE": 1.704672711503906,
      "R2": 0.994702169472463,
      "nRMSE": 1.9569867879779472
    },
    {
      "MSE": 20494.116825600366,
      "RMSE": 143.15766422235438,
      "MAE": 113.3440288062376,
      "MAPE": 1.6128666658590636,
      "R2": 0.9949911491783362,
      "nRMSE": 1.9028647085256423
    },
    {
      "MSE": 12880.995229380096,
      "RMSE": 113.49447224151534,
      "MAE": 86.42498549304753,
      "MAPE": 1.214559619805106,
      "R2": 0.996851829035251,
      "nRMSE": 1.5085788596388634
    },
    {
      "MSE": 52901.98661648262,
      "RMSE": 230.0043186909381,
      "MAE": 186.73235025750796,
      "MAPE": 3.012574101011544,
      "R2": 0.9870705255861226,
      "nRMSE": 3.0572383478238407
    },
    {
      "MSE": 26816.955253217053,
      "RMSE": 163.75883259603756,
      "MAE": 136.11997091352217,
      "MAPE": 1.9129826705893667,
      "R2": 0.9934458201103447,
      "nRMSE": 2.1766973144543647
    },
    {
      "MSE": 17228.824437364037,
      "RMSE": 131.25861662140142,
      "MAE": 102.83145776694816,
      "MAPE": 1.6082717736005008,
      "R2": 0.9957892007655781,
      "nRMSE": 1.7447014843076794
    },
    {
      "MSE": 26019.05651585025,
      "RMSE": 161.30423588935986,
      "MAE": 131.615349766343,
      "MAPE": 2.055327301859764,
      "R2": 0.9936408300139319,
      "nRMSE": 2.1440705915179974
    },
    {
      "MSE": 14807.514535639257,
      "RMSE": 121.68613123786645,
      "MAE": 92.18608050249628,
      "MAPE": 1.3357954739907358,
      "R2": 0.9963809793815567,
      "nRMSE": 1.6174631369362507
    },
    {
      "MSE": 9600.759761174475,
      "RMSE": 97.98346677462722,
      "MAE": 73.70461222187289,
      "MAPE": 1.0733892232885733,
      "R2": 0.9976535327758899,
      "nRMSE": 1.3024051625684356
    },
    {
      "MSE": 37277.99974649639,
      "RMSE": 193.07511425995943,
      "MAE": 150.58035063051227,
      "MAPE": 2.527711475074386,
      "R2": 0.9908890955756153,
      "nRMSE": 2.566371999819644
    },
    {
      "MSE": 17372.64759755563,
      "RMSE": 131.80533979151085,
      "MAE": 100.6377739256366,
      "MAPE": 1.4744990102979616,
      "R2": 0.9957540497629644,
      "nRMSE": 1.7519685784684127
    },
    {
      "MSE": 24159.956487690164,
      "RMSE": 155.4347338521547,
      "MAE": 129.55479950214448,
      "MAPE": 1.9650120840837768,
      "R2": 0.9940952021043638,
      "nRMSE": 2.0660526359730573
    },
    {
      "MSE": 15241.483268839585,
      "RMSE": 123.45640229991957,
      "MAE": 98.08582789774474,
      "MAPE": 1.5194615486874519,
      "R2": 0.9962749155455609,
      "nRMSE": 1.640993741090793
    },
    {
      "MSE": 11723.175350710997,
      "RMSE": 108.27361336314124,
      "MAE": 81.29415054546901,
      "MAPE": 1.2019251200897054,
      "R2": 0.997134805223001,
      "nRMSE": 1.4391827280253975
    },
    {
      "MSE": 18274.88315319661,
      "RMSE": 135.18462617175302,
      "MAE": 103.33209571471784,
      "MAPE": 1.7114708498880724,
      "R2": 0.9955335394895692,
      "nRMSE": 1.796886360746395
    },
    {
      "MSE": 8804.34059304727,
      "RMSE": 93.83144778296491,
      "MAE": 71.45280675297032,
      "MAPE": 1.0128982973915683,
      "R2": 0.9978481810663534,
      "nRMSE": 1.2472161480558008
    },
    {
      "MSE": 8972.799284332756,
      "RMSE": 94.72486096233003,
      "MAE": 70.23983879106406,
      "MAPE": 1.0449720870147874,
      "R2": 0.9978070090333528,
      "nRMSE": 1.2590914773885358
    },
    {
      "MSE": 7759.543100026018,
      "RMSE": 88.08826879912,
      "MAE": 65.16807848484353,
      "MAPE": 0.9431780313104302,
      "R2": 0.9981035340940503,
      "nRMSE": 1.1708772900388777
    },
    {
      "MSE": 12391.502974457484,
      "RMSE": 111.31712794739848,
      "MAE": 85.96699956884802,
      "MAPE": 1.3935953822060605,
      "R2": 0.9969714630601828,
      "nRMSE": 1.479637401016366
    },
    {
      "MSE": 17815.615985106426,
      "RMSE": 133.47515118967434,
      "MAE": 108.39353823357663,
      "MAPE": 1.6989708478971066,
      "R2": 0.9956457863725078,
      "nRMSE": 1.7741638636228556
    },
    {
      "MSE": 22388.77726449924,
      "RMSE": 149.62879824585653,
      "MAE": 123.715321856737,
      "MAPE": 1.8912354021791054,
      "R2": 0.9945280859696647,
      "nRMSE": 1.9888796112159794
    },
    {
      "MSE": 20043.08421476974,
      "RMSE": 141.57359999226458,
      "MAE": 114.67584702365372,
      "MAPE": 1.6853447556586,
      "R2": 0.995101383499853,
      "nRMSE": 1.8818091825372192
    },
    {
      "MSE": 18796.190676787337,