{
  "train_metrics": {
    "MSE": 2859.9051535691115,
    "RMSE": 53.478081057280946,
    "MAE": 36.847585925507424,
    "MAPE": 0.6571871312367816,
    "R2": 0.9993292145504348,
    "nRMSE": 0.8057269281984882
  },
  "val_metrics": {
    "MSE": 3939.7840222470586,
    "RMSE": 62.76769887646877,
    "MAE": 43.71924847453283,
    "MAPE": 0.6364413634186592,
    "R2": 0.9990370997391622,
    "nRMSE": 0.8343139689809667
  },
  "test_metrics": {
    "MSE": 4049.410736423778,
    "RMSE": 63.634980446479105,
    "MAE": 44.63076224058328,
    "MAPE": 0.6426152978313954,
    "R2": 0.9989680939945955,
    "nRMSE": 0.8339486997188391
  },
  "model_info": {
    "model_class": "LSTMBaseline",
    "total_parameters": 209537,
    "trainable_parameters": 209537,
    "device": "cpu",
    "optimizer": "Adam",
    "criterion": "MSELoss",
    "model_name": "LSTM Baseline",
    "input_dim": 5,
    "hidden_dim": 128,
    "num_layers": 2,
    "output_dim": 1
  },
  "best_metrics": {
    "MSE": 3939.7840222470586,
    "RMSE": 62.76769887646877,
    "MAE": 43.71924847453283,
    "MAPE": 0.6364413634186592,
    "R2": 0.9990370997391622,
    "nRMSE": 0.8343139689809667,
    "best_epoch": 54,
    "best_val_loss": 0.0009608986988809311
  }
}