{
  "train_losses": [
    0.025876036222690222,
    0.011334385728004909,
    0.01013622797822447,
    0.009396773448604165,
    0.008884560413654596,
    0.008580801843466402,
    0.00827608641003687,
    0.00816483805333234,
    0.00802852138761254,
    0.008031292570871552,
    0.007924290966960656,
    0.00780917063861337,
    0.007649575442590672,
    0.007603796303059029,
    0.007408297674923524,
    0.0074341537425853714,
    0.0074379366962842594,
    0.0073412562825578235,
    0.007250255845249761,
    0.007233346499941165,
    0.00707396708255871,
    0.007142856293287507,
    0.007133590238979469,
    0.006983011032376221,
    0.007099650932031384,
    0.00694671916885032,
    0.0069717977294038586,
    0.006982175782463689,
    0.006826655498603218,
    0.00704147399334764,
    0.0069368533300815174,
    0.0061820406757383635,
    0.006033178929895259,
    0.006119961466752878,
    0.006039894680084246,
    0.006018491421441988,
    0.006057983087114266,
    0.005916048456979091,
    0.005996887682440246,
    0.005931089798764971,
    0.005962542994561369,
    0.005592670286784339,
    0.005443593264973801,
    0.005514517486181923,
    0.00542487044975596,
    0.005439628040434121,
    0.00545562183037883,
    0.005353391420882654,
    0.0055186406605661755,
    0.005249999092789226,
    0.005212888079036639,
    0.005189052407406512,
    0.005230070169880327,
    0.005230433876589987,
    0.005199322633829459,
    0.005232550516939816,
    0.0051833266178628766,
    0.0051995974379042504,
    0.005206145158592716,
    0.005283171805697966,
    0.005123389692077932,
    0.005131614636091745,
    0.005048185544386184,
    0.005102409598453787,
    0.00508946095659653,
    0.005097159170133281,
    0.005004756817177791,
    0.004956697150370907,
    0.004968911505527553,
    0.004989506389098905
  ],
  "val_losses": [
    0.0064172300863949774,
    0.005024563347230767,
    0.005098239738983856,
    0.004264545585108951,
    0.004257100881953999,
    0.0033884439252124653,
    0.0023000077385128275,
    0.0025036189951867936,
    0.0027402746235444643,
    0.002642918082009737,
    0.00317047819139828,
    0.0021892269469537444,
    0.004186108900325539,
    0.0023174470289127696,
    0.0020836342729652593,
    0.0020552782863468076,
    0.002548973286017278,
    0.0026498190081948865,
    0.0019202460290964028,
    0.0022316882617749003,
    0.0022344773590846577,
    0.0021567844499660437,
    0.0022648909037413364,
    0.00219917293840186,
    0.0017442779765400266,
    0.0026854553879337643,
    0.0030572816134743423,
    0.002765691426756079,
    0.0021092129920973154,
    0.0030640000449448754,
    0.00236116963410882,
    0.0012918498088935152,
    0.0026976933080923595,
    0.0013797010931606794,
    0.001206231398542359,
    0.002008344335600532,
    0.002062140331581906,
    0.0017386279686607197,
    0.0031304100197494813,
    0.0015663399717154034,
    0.0015494021248196814,
    0.00158147436476158,
    0.0011494995361660148,
    0.0015229663166744438,
    0.001159883802108606,
    0.0012417076026991591,
    0.0012487952322543594,
    0.0012398237391490006,
    0.001741852970918271,
    0.0011016699178947932,
    0.0010345831037610242,
    0.0013898816590962332,
    0.0012208319384063148,
    0.001104757429709986,
    0.0009608986988809311,
    0.001051110645679772,
    0.0013469933361443785,
    0.0012235007900296925,
    0.0013823869019187799,
    0.0013583175599566088,
    0.0011036913817336496,
    0.0009626904802975671,
    0.001249820359803214,
    0.0010682361375487237,
    0.0010528178714549919,
    0.0010218570183379092,
    0.001147875556595499,
    0.001012883694401305,
    0.0009924534016368,
    0.001025683166841441
  ],
  "val_metrics": [
    {
      "MSE": 26305.050029887774,
      "RMSE": 162.18831656407244,
      "MAE": 104.96389542058222,
      "MAPE": 1.4419606161164535,
      "R2": 0.9935709319617265,
      "nRMSE": 2.1558218723490894
    },
    {
      "MSE": 20595.117324706403,
      "RMSE": 143.50999033066097,
      "MAE": 106.05488489654576,
      "MAPE": 1.4976947437293855,
      "R2": 0.9949664642193677,
      "nRMSE": 1.907547859239442
    },
    {
      "MSE": 20896.801345930682,
      "RMSE": 144.5572597482765,
      "MAE": 91.07425806483184,
      "MAPE": 1.2319621057194357,
      "R2": 0.9948927313393198,
      "nRMSE": 1.9214682597008765
    },
    {
      "MSE": 17476.20802113344,
      "RMSE": 132.19760974062066,
      "MAE": 89.89458272824548,
      "MAPE": 1.1521958972654416,
      "R2": 0.9957287391473794,
      "nRMSE": 1.7571826663513836
    },
    {
      "MSE": 17444.85751332833,
      "RMSE": 132.0789821028627,
      "MAE": 101.37342804851423,
      "MAPE": 1.4329731363081748,
      "R2": 0.9957364013471275,
      "nRMSE": 1.7556058569882835
    },
    {
      "MSE": 13886.013626926346,
      "RMSE": 117.83893086296374,
      "MAE": 88.2300646409595,
      "MAPE": 1.2846634631409852,
      "R2": 0.9966061981905958,
      "nRMSE": 1.5663257992338249
    },
    {
      "MSE": 9426.714962821265,
      "RMSE": 97.09127130088093,
      "MAE": 63.71357212959798,
      "MAPE": 0.8551871551749255,
      "R2": 0.9976960700776266,
      "nRMSE": 1.290546019089668
    },
    {
      "MSE": 10259.36509585864,
      "RMSE": 101.28852400868837,
      "MAE": 67.61160929769599,
      "MAPE": 0.9622924993082235,
      "R2": 0.9974925667825828,
      "nRMSE": 1.3463362842762057
    },
    {
      "MSE": 11229.080469820536,
      "RMSE": 105.96735568004203,
      "MAE": 74.83563445338383,
      "MAPE": 0.9851889873034968,
      "R2": 0.9972555641496329,
      "nRMSE": 1.408527740897923
    },
    {
      "MSE": 10833.7085758969,
      "RMSE": 104.08510256466532,
      "MAE": 73.3564679098169,
      "MAPE": 1.0309874586120489,
      "R2": 0.9973521947511169,
      "nRMSE": 1.3835086610937173
    },
    {
      "MSE": 12996.84181176727,
      "RMSE": 114.00369209708636,
      "MAE": 79.7676625094375,
      "MAPE": 1.092049850570871,
      "R2": 0.9968235156292958,
      "nRMSE": 1.5153474563277671
    },
    {
      "MSE": 8973.65148828175,
      "RMSE": 94.7293591674817,
      "MAE": 61.53556176865674,
      "MAPE": 0.8343663537792171,
      "R2": 0.9978068007510206,
      "nRMSE": 1.2591512679410106
    },
    {
      "MSE": 17161.521330123884,
      "RMSE": 131.0019897945214,
      "MAE": 96.64945276545117,
      "MAPE": 1.211502828625148,
      "R2": 0.99580564993618,
      "nRMSE": 1.7412903771568078
    },
    {
      "MSE": 9497.696437864985,
      "RMSE": 97.45612570723804,
      "MAE": 66.96663437788901,
      "MAPE": 0.9951144470402153,
      "R2": 0.9976787218980187,
      "nRMSE": 1.2953956970819598
    },
    {
      "MSE": 8540.170537440383,
      "RMSE": 92.41304311319037,
      "MAE": 64.55125017532674,
      "MAPE": 0.9504706981516866,
      "R2": 0.9979127453708972,
      "nRMSE": 1.2283625840277528
    },
    {
      "MSE": 8424.916577452012,
      "RMSE": 91.78734432072872,
      "MAE": 62.19431395512785,
      "MAPE": 0.8649085564049223,
      "R2": 0.9979409139373742,
      "nRMSE": 1.2200457387033343
    },
    {
      "MSE": 10447.869385620823,
      "RMSE": 102.2148197944937,
      "MAE": 76.0535786018929,
      "MAPE": 1.1605820331507364,
      "R2": 0.9974464955185856,
      "nRMSE": 1.358648692207976
    },
    {
      "MSE": 10863.007939308342,
      "RMSE": 104.22575468332356,
      "MAE": 76.15563637996488,
      "MAPE": 0.9878177178075709,
      "R2": 0.9973450338599331,
      "nRMSE": 1.385378221862454
    },
    {
      "MSE": 7869.130262407161,
      "RMSE": 88.70811835681761,
      "MAE": 58.80793582067016,
      "MAPE": 0.8020409289040298,
      "R2": 0.9980767505174265,
      "nRMSE": 1.1791163868021919
    },
    {
      "MSE": 9146.432644747325,
      "RMSE": 95.63698366608665,
      "MAE": 68.73077616230432,
      "MAPE": 0.9908151488778102,
      "R2": 0.9977645722888284,
      "nRMSE": 1.2712154954231387
    },
    {
      "MSE": 9156.220356744423,